restaurant_id,restaurant_name,city,area,cuisine,avg_rating,total_ratings,price_range,delivery_available
8bb9a4b0,Restaurant_0,Mumbai,Area_A,Mexican,3.6,3062,Medium,No
8810c9aa,Restaurant_1,Chennai,Area_D,Italian,4.7,2847,Medium,Yes
bfbb1501,Restaurant_2,Mumbai,Area_A,Chinese,4.1,2773,High,No
4f2f2dc8,Restaurant_3,Chennai,Area_D,Mexican,5,4172,High,Yes
5593bbfb,Restaurant_4,Chennai,Area_C,Mexican,2.6,2769,Medium,No
5a47cc33,Restaurant_5,Delhi,Area_E,Chinese,4.5,3826,Medium,No
e09f0465,Restaurant_6,Bangalore,Area_D,Indian,3.2,1517,High,Yes
19c74ecf,Restaurant_7,Mumbai,Area_A,Indian,4.1,437,High,No
ba31dffb,Restaurant_8,Mumbai,Area_A,Mexican,2.9,4229,Medium,No
2aca810f,Restaurant_9,Mumbai,Area_D,Chinese,3.7,4174,Medium,No
d0fd93ce,Restaurant_10,Bangalore,Area_A,Mexican,4.5,2575,Medium,Yes
64003853,Restaurant_11,Bangalore,Area_D,Italian,3.1,2915,Low,No
fc36ce35,Restaurant_12,Kolkata,Area_E,Italian,4.1,1356,Low,Yes
666d6a33,Restaurant_13,Bangalore,Area_D,Thai,3.9,4945,Medium,Yes
d3016f90,Restaurant_14,Mumbai,Area_B,Mexican,2.5,3949,High,No
02df79eb,Restaurant_15,Mumbai,Area_E,Italian,4.9,4486,High,Yes
f4fb2de3,Restaurant_16,Mumbai,Area_E,Indian,3,2251,Low,Yes
51bc9499,Restaurant_17,Mumbai,Area_A,Thai,5,936,Low,Yes
d9c56a1e,Restaurant_18,Kolkata,Area_D,Indian,4.4,752,Low,No
71ea6563,Restaurant_19,Bangalore,Area_B,Chinese,4.6,1786,High,No
557552d0,Restaurant_20,Chennai,Area_A,Italian,4.6,4552,Low,No
d368535c,Restaurant_21,Kolkata,Area_D,Indian,4.2,2277,High,No
09e5eed1,Restaurant_22,Mumbai,Area_D,Indian,4.3,188,High,Yes
79617b25,Restaurant_23,Delhi,Area_C,Thai,2.5,4170,High,Yes
3e7f7fbe,Restaurant_24,Bangalore,Area_C,Thai,4.7,356,Low,Yes
c1244b75,Restaurant_25,Delhi,Area_C,Mexican,3.6,874,High,No
5bf5607c,Restaurant_26,Mumbai,Area_B,Chinese,4.9,1334,Low,Yes
9c38c0b2,Restaurant_27,Delhi,Area_E,Italian,2.6,542,High,No
9c80db76,Restaurant_28,Kolkata,Area_D,Italian,4.2,1694,High,Yes
a3ce1611,Restaurant_29,Mumbai,Area_A,Italian,4.6,479,Medium,No
428f55af,Restaurant_30,Kolkata,Area_D,Thai,2.6,4967,Medium,No
dbcaa61c,Restaurant_31,Bangalore,Area_D,Mexican,2.5,2851,High,No
4622bca4,Restaurant_32,Chennai,Area_D,Chinese,4.3,1236,High,No
369bf88e,Restaurant_33,Bangalore,Area_D,Thai,3.4,1133,Low,No
3da5daa9,Restaurant_34,Mumbai,Area_D,Indian,4.7,4710,High,Yes
d9e2c443,Restaurant_35,Delhi,Area_B,Italian,4.8,4285,Medium,Yes
9a241a8f,Restaurant_36,Delhi,Area_D,Thai,3.8,4774,Medium,No
5e9ad80d,Restaurant_37,Delhi,Area_C,Thai,3.6,4385,Low,No
f5c4c840,Restaurant_38,Mumbai,Area_C,Italian,4.2,2275,Medium,Yes
04dc9812,Restaurant_39,Delhi,Area_A,Mexican,3.7,2680,Medium,Yes
5ef3c1b1,Restaurant_40,Mumbai,Area_C,Italian,2.6,4800,Low,Yes
e19f39b7,Restaurant_41,Mumbai,Area_A,Italian,4,1458,Low,No
e79218d9,Restaurant_42,Bangalore,Area_A,Mexican,4.6,925,Medium,Yes
1c6eb160,Restaurant_43,Chennai,Area_D,Chinese,3.5,300,Medium,Yes
4ce7afad,Restaurant_44,Bangalore,Area_E,Chinese,3.9,106,Low,Yes
bc4f828e,Restaurant_45,Bangalore,Area_B,Indian,2.9,2555,Low,No
67a95931,Restaurant_46,Bangalore,Area_B,Thai,5,1912,High,No
28bc6e8d,Restaurant_47,Delhi,Area_C,Mexican,2.7,2222,Medium,No
94e70589,Restaurant_48,Mumbai,Area_A,Chinese,4.8,2131,High,Yes
b9a1968c,Restaurant_49,Mumbai,Area_B,Mexican,2.6,4705,High,No
528a4810,Restaurant_50,Delhi,Area_B,Thai,4.4,3686,Low,Yes
2.74E+12,Restaurant_51,Chennai,Area_C,Mexican,3.8,2655,Medium,Yes
d4eb642a,Restaurant_52,Kolkata,Area_C,Chinese,2.5,4944,Low,Yes
289a82f6,Restaurant_53,Bangalore,Area_D,Mexican,3.4,3798,Medium,No
e6f5e6b1,Restaurant_54,Mumbai,Area_C,Thai,4.8,3055,High,Yes
4da1655b,Restaurant_55,Delhi,Area_A,Chinese,2.7,827,Medium,Yes
bd7c2a0c,Restaurant_56,Mumbai,Area_E,Thai,4.6,2336,Low,Yes
f2718889,Restaurant_57,Kolkata,Area_C,Chinese,4.2,884,Low,No
8ff329e1,Restaurant_58,Kolkata,Area_C,Thai,4.2,1807,Low,Yes
64dde01b,Restaurant_59,Mumbai,Area_B,Indian,3.7,443,Low,Yes
b1f2c737,Restaurant_60,Bangalore,Area_A,Mexican,3.3,2987,Medium,Yes
1cc20309,Restaurant_61,Chennai,Area_E,Mexican,4.5,4276,High,No
5440dc43,Restaurant_62,Kolkata,Area_D,Indian,3.6,4899,High,Yes
7cfc6e28,Restaurant_63,Bangalore,Area_E,Italian,4,449,High,No
20fd72ee,Restaurant_64,Delhi,Area_A,Thai,3.3,4037,High,Yes
35c24305,Restaurant_65,Chennai,Area_C,Thai,4.7,2676,Medium,No
d2c59e6e,Restaurant_66,Delhi,Area_B,Indian,4.7,1912,Medium,No
c19c6dfd,Restaurant_67,Chennai,Area_E,Mexican,4.7,1917,Medium,Yes
f32a3aad,Restaurant_68,Bangalore,Area_A,Indian,4.5,2879,High,No
eb174c1f,Restaurant_69,Mumbai,Area_A,Thai,2.5,484,Medium,Yes
b2dc7803,Restaurant_70,Kolkata,Area_E,Mexican,4.4,806,High,No
958d0a73,Restaurant_71,Kolkata,Area_D,Indian,2.6,632,Medium,No
d115b7b9,Restaurant_72,Delhi,Area_A,Chinese,4.7,4577,High,No
d15946a3,Restaurant_73,Kolkata,Area_A,Chinese,2.6,688,High,Yes
5628c140,Restaurant_74,Bangalore,Area_A,Indian,2.8,258,Low,No
a6e2078c,Restaurant_75,Chennai,Area_D,Thai,3.9,3426,High,No
4910ebd8,Restaurant_76,Chennai,Area_E,Italian,4.5,1655,Low,Yes
9abef4df,Restaurant_77,Chennai,Area_A,Italian,3.2,4158,Medium,No
7e7abb6c,Restaurant_78,Delhi,Area_C,Italian,3.7,403,Medium,Yes
ab601722,Restaurant_79,Mumbai,Area_E,Mexican,4.5,1115,High,No
93ed45d5,Restaurant_80,Mumbai,Area_B,Thai,3.9,4119,High,No
4bf198a5,Restaurant_81,Chennai,Area_B,Mexican,2.8,1515,Medium,Yes
951b096d,Restaurant_82,Chennai,Area_A,Chinese,4.4,1232,Low,Yes
a05e429d,Restaurant_83,Kolkata,Area_C,Thai,4.4,1822,Low,Yes
b7445b6d,Restaurant_84,Chennai,Area_E,Thai,4,429,Medium,No
aa054739,Restaurant_85,Kolkata,Area_E,Italian,5,362,Medium,No
4d50d203,Restaurant_86,Kolkata,Area_C,Mexican,4,664,Medium,Yes
abc00ee0,Restaurant_87,Bangalore,Area_A,Italian,3.9,4928,High,No
60723d0e,Restaurant_88,Chennai,Area_A,Thai,3.3,2168,High,No
7a6b060d,Restaurant_89,Chennai,Area_B,Mexican,2.9,2787,High,Yes
4eab0c83,Restaurant_90,Mumbai,Area_B,Indian,4.7,3897,Medium,No
6fa56b71,Restaurant_91,Kolkata,Area_A,Mexican,2.9,3079,Low,Yes
2b8368d4,Restaurant_92,Bangalore,Area_A,Thai,4.4,2913,High,Yes
34cfd9fa,Restaurant_93,Kolkata,Area_A,Italian,2.6,106,High,No
dde6dac9,Restaurant_94,Mumbai,Area_D,Chinese,3.8,796,Low,Yes
9bff4316,Restaurant_95,Bangalore,Area_D,Indian,2.7,3241,Low,Yes
a6220936,Restaurant_96,Mumbai,Area_E,Italian,2.8,2076,Medium,Yes
71af43be,Restaurant_97,Delhi,Area_E,Thai,4.2,604,Low,No
8fc1a811,Restaurant_98,Delhi,Area_A,Indian,3.5,2900,High,Yes
f39c0c05,Restaurant_99,Kolkata,Area_B,Thai,4.6,4274,High,Yes
227aba32,Restaurant_100,Chennai,Area_C,Thai,4.5,4775,High,No
5a38fde9,Restaurant_101,Chennai,Area_C,Indian,4.5,1292,High,No
14847f96,Restaurant_102,Bangalore,Area_D,Indian,3,1438,High,No
100a811e,Restaurant_103,Kolkata,Area_C,Mexican,3.4,3920,Low,No
2f6d7840,Restaurant_104,Kolkata,Area_C,Chinese,4.8,1428,High,Yes
5f0a9f32,Restaurant_105,Bangalore,Area_B,Chinese,3.2,2200,High,Yes
3b052e56,Restaurant_106,Kolkata,Area_C,Thai,3.5,315,Low,Yes
b2cf0b3d,Restaurant_107,Chennai,Area_A,Chinese,3.1,2091,High,Yes
87ef9500,Restaurant_108,Mumbai,Area_E,Italian,4.3,100,High,No
b09f66d7,Restaurant_109,Bangalore,Area_B,Chinese,4.3,3618,Low,Yes
c030655d,Restaurant_110,Bangalore,Area_C,Mexican,4.7,2005,Low,Yes
db7c0362,Restaurant_111,Bangalore,Area_A,Indian,4.2,1681,High,Yes
8a11d347,Restaurant_112,Bangalore,Area_A,Thai,3.9,3041,Low,Yes
c3e33687,Restaurant_113,Mumbai,Area_C,Thai,4.1,294,Low,No
da6baa40,Restaurant_114,Mumbai,Area_E,Italian,3.1,1339,Low,Yes
24ada0ba,Restaurant_115,Chennai,Area_D,Chinese,4.8,4236,Low,No
1bac8755,Restaurant_116,Bangalore,Area_C,Indian,4.8,982,Low,No
c977a5f5,Restaurant_117,Kolkata,Area_C,Thai,4.3,2341,High,No
2236347f,Restaurant_118,Mumbai,Area_D,Chinese,3.7,886,Low,Yes
7421de9a,Restaurant_119,Kolkata,Area_B,Chinese,3.7,2362,Medium,No
c71efa45,Restaurant_120,Mumbai,Area_C,Chinese,4.3,2859,Medium,No
8a592a8a,Restaurant_121,Chennai,Area_D,Italian,3.2,3440,High,No
0acdd646,Restaurant_122,Kolkata,Area_B,Indian,3.1,2429,High,Yes
b20eb992,Restaurant_123,Chennai,Area_C,Indian,4,284,Low,Yes
4bfd980c,Restaurant_124,Bangalore,Area_B,Mexican,4,3359,High,No
c1f72d98,Restaurant_125,Chennai,Area_A,Chinese,3.6,3130,Low,No
a51eaacf,Restaurant_126,Bangalore,Area_E,Thai,2.7,2832,Low,No
08ba20de,Restaurant_127,Bangalore,Area_B,Indian,4.4,3888,High,Yes
a9239ac0,Restaurant_128,Kolkata,Area_C,Mexican,3.6,4208,Low,No
cd913d5d,Restaurant_129,Delhi,Area_A,Mexican,4.8,1464,High,Yes
b8128f8d,Restaurant_130,Chennai,Area_C,Chinese,5,1582,High,Yes
b05fd083,Restaurant_131,Delhi,Area_B,Indian,4.6,1664,High,Yes
b61f2a9e,Restaurant_132,Chennai,Area_B,Italian,4.1,615,Medium,Yes
8180e6e2,Restaurant_133,Delhi,Area_D,Chinese,3.2,4448,Medium,Yes
9b3e0802,Restaurant_134,Kolkata,Area_A,Italian,3.5,407,Low,No
a80c0410,Restaurant_135,Kolkata,Area_A,Chinese,3.6,3389,High,No
26db3a08,Restaurant_136,Delhi,Area_A,Italian,4.7,4760,High,Yes
92f9c1c0,Restaurant_137,Chennai,Area_B,Indian,4.9,3813,Medium,Yes
84e6c455,Restaurant_138,Bangalore,Area_B,Chinese,3.1,1616,Low,Yes
9fffa8c9,Restaurant_139,Chennai,Area_A,Thai,3.2,1162,High,No
6c64aa30,Restaurant_140,Kolkata,Area_D,Chinese,4.7,2367,Low,Yes
8d06cc24,Restaurant_141,Delhi,Area_D,Thai,4.8,4957,High,Yes
344d4945,Restaurant_142,Mumbai,Area_C,Italian,3.6,386,Low,Yes
75c47f5f,Restaurant_143,Mumbai,Area_B,Chinese,3.1,3460,High,No
c1f112de,Restaurant_144,Chennai,Area_C,Indian,3.1,1042,High,No
405ed20c,Restaurant_145,Chennai,Area_A,Indian,4.1,3397,Low,Yes
6af133bb,Restaurant_146,Delhi,Area_E,Chinese,4.9,4062,Low,Yes
9ac148bf,Restaurant_147,Delhi,Area_C,Mexican,2.6,1468,High,Yes
a8d593a1,Restaurant_148,Kolkata,Area_B,Mexican,2.6,4667,Low,Yes
7713a3e9,Restaurant_149,Chennai,Area_C,Mexican,4.7,2033,Medium,Yes
00d33951,Restaurant_150,Mumbai,Area_C,Indian,4.6,3804,High,No
f2bb6dd3,Restaurant_151,Mumbai,Area_D,Italian,2.6,4022,Low,Yes
2a6752ed,Restaurant_152,Delhi,Area_D,Mexican,4,4705,Low,No
90de9501,Restaurant_153,Mumbai,Area_B,Italian,3.3,4164,Low,No
4b7d8a2a,Restaurant_154,Bangalore,Area_E,Italian,3.1,4354,Low,No
defef2cd,Restaurant_155,Bangalore,Area_E,Chinese,2.8,1443,High,No
1cdb7eac,Restaurant_156,Bangalore,Area_E,Indian,2.7,3680,Medium,Yes
02b6d096,Restaurant_157,Kolkata,Area_A,Indian,2.9,3845,High,Yes
a8e96359,Restaurant_158,Bangalore,Area_C,Chinese,2.9,4733,High,No
96102266,Restaurant_159,Kolkata,Area_B,Italian,3.3,2842,Medium,No
651ac35d,Restaurant_160,Chennai,Area_D,Indian,4,2615,High,No
cad4218c,Restaurant_161,Bangalore,Area_D,Chinese,4.1,3101,Low,Yes
3988bf2c,Restaurant_162,Delhi,Area_E,Italian,4.9,2222,Medium,No
72e541fb,Restaurant_163,Delhi,Area_E,Thai,3.7,4685,High,No
4e924a53,Restaurant_164,Delhi,Area_D,Indian,3,2438,High,No
991915d7,Restaurant_165,Bangalore,Area_B,Italian,2.7,1473,Low,No
8c3f5029,Restaurant_166,Delhi,Area_C,Italian,2.8,4563,Medium,No
aabdedd3,Restaurant_167,Kolkata,Area_B,Indian,3,4328,Medium,No
537b38f9,Restaurant_168,Chennai,Area_B,Mexican,3,3110,High,Yes
041f63d9,Restaurant_169,Bangalore,Area_A,Italian,4.7,1268,High,Yes
8f1605c1,Restaurant_170,Chennai,Area_C,Chinese,4.9,3800,Medium,Yes
c21dbf54,Restaurant_171,Delhi,Area_D,Chinese,3.5,1131,High,No
b7d2e9fd,Restaurant_172,Bangalore,Area_D,Mexican,4.5,2927,Medium,Yes
9ff72da6,Restaurant_173,Mumbai,Area_B,Indian,4.6,2224,Medium,Yes
4290a87b,Restaurant_174,Kolkata,Area_A,Indian,3.3,3119,High,No
3001185,Restaurant_175,Chennai,Area_C,Italian,3.7,2635,Low,Yes
f8e51c71,Restaurant_176,Chennai,Area_C,Mexican,4,467,High,No
318ca5a5,Restaurant_177,Bangalore,Area_D,Thai,5,2409,Low,No
f00f0b93,Restaurant_178,Delhi,Area_A,Indian,4.9,2399,Low,Yes
0dad23ff,Restaurant_179,Kolkata,Area_B,Indian,4.8,2083,Low,No
dddddf29,Restaurant_180,Kolkata,Area_D,Chinese,2.7,3242,Medium,Yes
ce863def,Restaurant_181,Bangalore,Area_B,Thai,3.1,801,Medium,Yes
f8088575,Restaurant_182,Delhi,Area_A,Chinese,4.5,3352,Medium,No
a961a847,Restaurant_183,Kolkata,Area_C,Thai,4,4835,Medium,No
fcd19837,Restaurant_184,Kolkata,Area_B,Thai,2.9,4456,Low,No
1ca17571,Restaurant_185,Mumbai,Area_B,Mexican,2.9,3144,Medium,Yes
ea5d7890,Restaurant_186,Delhi,Area_E,Italian,4.4,3842,Medium,Yes
6436832c,Restaurant_187,Bangalore,Area_E,Thai,4.5,1857,Medium,Yes
c00f73d6,Restaurant_188,Kolkata,Area_A,Italian,2.8,1821,Low,Yes
bf5bf6cd,Restaurant_189,Mumbai,Area_A,Mexican,4.9,3144,High,No
8e495fe4,Restaurant_190,Bangalore,Area_D,Mexican,3,1563,High,No
e54e0518,Restaurant_191,Mumbai,Area_A,Italian,2.6,4884,High,No
75c23eab,Restaurant_192,Chennai,Area_D,Thai,3.1,152,Medium,Yes
0969abfd,Restaurant_193,Chennai,Area_C,Mexican,3.4,1965,High,Yes
b7d188df,Restaurant_194,Bangalore,Area_B,Italian,3,2570,Low,Yes
e726f2d8,Restaurant_195,Chennai,Area_E,Thai,4.9,1493,High,Yes
6ca2cb4a,Restaurant_196,Mumbai,Area_C,Thai,2.7,4433,Medium,Yes
a59b82a8,Restaurant_197,Delhi,Area_D,Italian,3.5,3967,Low,No
29c8feb1,Restaurant_198,Mumbai,Area_D,Mexican,4,2977,High,No
8058c87e,Restaurant_199,Chennai,Area_D,Italian,3,3073,Low,No
bff0bb92,Restaurant_200,Chennai,Area_D,Italian,4.4,1365,High,No
174b3d72,Restaurant_201,Kolkata,Area_D,Indian,4.6,2414,High,Yes
8060001b,Restaurant_202,Kolkata,Area_A,Italian,2.7,1939,Low,No
fa055ed4,Restaurant_203,Mumbai,Area_A,Thai,3.6,1911,Low,Yes
2850b98f,Restaurant_204,Kolkata,Area_B,Thai,4.8,2772,High,Yes
b9c58717,Restaurant_205,Kolkata,Area_C,Mexican,3.1,1643,High,No
fc6028ff,Restaurant_206,Bangalore,Area_B,Chinese,2.9,4044,High,No
dfb8f48c,Restaurant_207,Kolkata,Area_B,Indian,3.3,3972,Low,No
24efe3fc,Restaurant_208,Kolkata,Area_E,Italian,4,1103,High,No
d6ee2ff4,Restaurant_209,Mumbai,Area_C,Italian,3.5,1722,High,No
bd857157,Restaurant_210,Mumbai,Area_B,Mexican,3.3,3819,High,No
e66a8f3a,Restaurant_211,Chennai,Area_B,Indian,4.7,519,Low,No
6e1843fb,Restaurant_212,Bangalore,Area_D,Thai,4.5,3678,Low,No
89ad80f5,Restaurant_213,Bangalore,Area_C,Chinese,4.4,2829,Low,Yes
fd7a63eb,Restaurant_214,Bangalore,Area_B,Thai,2.8,1421,Low,Yes
0f558c3e,Restaurant_215,Bangalore,Area_A,Indian,4.8,4634,High,No
39189b6c,Restaurant_216,Delhi,Area_E,Indian,4,1908,High,Yes
612e24e0,Restaurant_217,Kolkata,Area_E,Italian,2.7,427,Low,Yes
dfd043a7,Restaurant_218,Chennai,Area_D,Mexican,4.8,2237,High,No
fd976e0e,Restaurant_219,Delhi,Area_E,Indian,3.5,1653,Medium,No
51d37849,Restaurant_220,Bangalore,Area_C,Chinese,3.3,4900,Low,No
acf7c6f8,Restaurant_221,Delhi,Area_C,Italian,4.4,4082,High,No
1.57E+63,Restaurant_222,Delhi,Area_D,Italian,4.1,435,Medium,Yes
733a1a91,Restaurant_223,Bangalore,Area_A,Chinese,4.7,3518,Low,No
331effe2,Restaurant_224,Kolkata,Area_D,Italian,3.3,3452,Medium,No
3ebed339,Restaurant_225,Mumbai,Area_A,Chinese,4.9,2362,High,Yes
4e9bfa3e,Restaurant_226,Chennai,Area_D,Thai,3.8,3113,Low,Yes
674dfaa6,Restaurant_227,Chennai,Area_E,Italian,3.5,1049,Medium,No
391ea3a2,Restaurant_228,Kolkata,Area_D,Thai,2.8,559,Medium,No
e49bc174,Restaurant_229,Mumbai,Area_E,Indian,5,5000,High,No
c564c624,Restaurant_230,Chennai,Area_A,Italian,3.1,2869,High,Yes
ee9f310d,Restaurant_231,Mumbai,Area_C,Mexican,4.9,1313,Medium,Yes
76328ab4,Restaurant_232,Bangalore,Area_B,Italian,4.2,4660,High,Yes
52758fa7,Restaurant_233,Bangalore,Area_D,Indian,2.7,3706,Low,Yes
ba107b1d,Restaurant_234,Delhi,Area_A,Thai,3.6,943,Medium,No
94689fae,Restaurant_235,Chennai,Area_A,Mexican,3.9,4625,Medium,Yes
0e108d8b,Restaurant_236,Mumbai,Area_C,Mexican,4.9,3102,Low,No
c318e94b,Restaurant_237,Bangalore,Area_D,Indian,3.1,3352,Medium,No
8a76a7ee,Restaurant_238,Delhi,Area_B,Italian,4.4,3314,Medium,No
404f0685,Restaurant_239,Mumbai,Area_E,Italian,3.7,327,Medium,Yes
e224a5ea,Restaurant_240,Mumbai,Area_A,Mexican,5,2978,High,No
7b3b0da2,Restaurant_241,Mumbai,Area_D,Chinese,4.8,3490,High,Yes
c059c9d3,Restaurant_242,Chennai,Area_B,Thai,3.9,578,Low,Yes
ccf81718,Restaurant_243,Kolkata,Area_D,Thai,3,4241,Medium,Yes
8f988f4e,Restaurant_244,Mumbai,Area_C,Chinese,4.7,1746,High,Yes
2fb269f9,Restaurant_245,Delhi,Area_E,Indian,3.9,1135,High,No
2c501d10,Restaurant_246,Mumbai,Area_C,Indian,3,4064,Low,Yes
5eafb4ee,Restaurant_247,Bangalore,Area_A,Italian,4.7,309,High,Yes
79e303d1,Restaurant_248,Chennai,Area_D,Indian,4.5,216,High,No
88bbde78,Restaurant_249,Chennai,Area_D,Indian,3,2432,Low,Yes
587046b8,Restaurant_250,Delhi,Area_D,Italian,2.9,1646,Medium,Yes
faff1bf4,Restaurant_251,Mumbai,Area_C,Thai,4.9,2667,Medium,Yes
776f260d,Restaurant_252,Mumbai,Area_D,Thai,3.1,3310,High,No
bd3013d9,Restaurant_253,Mumbai,Area_D,Thai,4,3374,Medium,No
40dc81ce,Restaurant_254,Mumbai,Area_E,Chinese,3.9,1248,Low,No
2bf57503,Restaurant_255,Chennai,Area_A,Indian,3.5,4108,Low,Yes
242460cc,Restaurant_256,Mumbai,Area_B,Indian,3.9,2197,Low,No
9c96439c,Restaurant_257,Mumbai,Area_A,Indian,3.3,151,High,No
d2a546bc,Restaurant_258,Mumbai,Area_E,Thai,4.7,3806,High,No
4e7b5c84,Restaurant_259,Mumbai,Area_B,Mexican,4.3,3998,High,Yes
3d59878b,Restaurant_260,Chennai,Area_E,Thai,4.6,1335,Low,No
71d4a52a,Restaurant_261,Bangalore,Area_D,Mexican,3.2,3991,Medium,No
ce114fee,Restaurant_262,Bangalore,Area_D,Mexican,2.5,1388,Medium,No
e11f3ddf,Restaurant_263,Bangalore,Area_B,Mexican,3.6,786,Medium,Yes
4acc3617,Restaurant_264,Chennai,Area_B,Chinese,4.4,752,Medium,No
0e24dd86,Restaurant_265,Bangalore,Area_A,Mexican,4.7,1731,Medium,No
1d9ef47d,Restaurant_266,Mumbai,Area_A,Thai,4.1,1731,Low,Yes
0dc347db,Restaurant_267,Mumbai,Area_B,Indian,4.2,1432,Medium,Yes
847bbe2e,Restaurant_268,Bangalore,Area_A,Chinese,3.2,565,Low,Yes
c230886a,Restaurant_269,Bangalore,Area_A,Italian,4.7,2186,Medium,No
eb4d18c6,Restaurant_270,Delhi,Area_C,Mexican,2.9,1436,High,Yes
9b19ea60,Restaurant_271,Chennai,Area_D,Mexican,4.6,4478,Medium,No
53d1cf83,Restaurant_272,Kolkata,Area_A,Mexican,4.9,4052,Medium,No
9.98E+08,Restaurant_273,Chennai,Area_E,Indian,4.7,1482,Low,Yes
84493364,Restaurant_274,Bangalore,Area_D,Italian,3.5,1714,Low,No
04a74418,Restaurant_275,Chennai,Area_E,Thai,3.8,314,Low,Yes
1bc05c14,Restaurant_276,Delhi,Area_B,Italian,4.9,2832,Medium,No
e222e302,Restaurant_277,Bangalore,Area_D,Thai,3.7,3242,Low,Yes
9ef924b6,Restaurant_278,Bangalore,Area_A,Italian,4.4,3771,Medium,Yes
43979058,Restaurant_279,Delhi,Area_C,Italian,3.7,2024,Medium,No
19024cdd,Restaurant_280,Bangalore,Area_B,Chinese,2.5,4155,High,Yes
1c54225b,Restaurant_281,Mumbai,Area_B,Italian,3.8,2410,Medium,Yes
5662c0df,Restaurant_282,Mumbai,Area_A,Thai,3.1,2174,Medium,Yes
1c45fac8,Restaurant_283,Kolkata,Area_B,Thai,4.1,3805,Low,Yes
870f6ec5,Restaurant_284,Kolkata,Area_C,Thai,2.9,1064,Medium,No
14493b77,Restaurant_285,Delhi,Area_E,Mexican,3.2,1822,Low,No
78dddfb3,Restaurant_286,Delhi,Area_C,Indian,4.9,746,High,Yes
6b25818f,Restaurant_287,Bangalore,Area_A,Italian,3.6,731,High,No
ec9059b5,Restaurant_288,Bangalore,Area_D,Chinese,4.1,4259,Low,Yes
67baa4fe,Restaurant_289,Delhi,Area_E,Mexican,4,122,Low,No
da404b28,Restaurant_290,Bangalore,Area_A,Indian,4.3,1407,Medium,Yes
0d392883,Restaurant_291,Mumbai,Area_E,Thai,3.4,1511,High,Yes
e9c95f1f,Restaurant_292,Mumbai,Area_B,Mexican,2.6,4331,Medium,No
70f4dfa8,Restaurant_293,Chennai,Area_E,Italian,3.6,4760,Low,Yes
6806a865,Restaurant_294,Mumbai,Area_A,Indian,4.4,4030,Low,Yes
0e7248ea,Restaurant_295,Delhi,Area_C,Thai,4.4,2482,High,No
0fd878e4,Restaurant_296,Delhi,Area_C,Thai,2.7,3605,High,Yes
a638af19,Restaurant_297,Kolkata,Area_A,Mexican,2.6,4934,Medium,Yes
6903437e,Restaurant_298,Mumbai,Area_E,Thai,3.1,2660,Low,No
73572274,Restaurant_299,Chennai,Area_D,Chinese,4.5,4548,Medium,No
2c89fe67,Restaurant_300,Delhi,Area_B,Chinese,3.1,3848,Low,Yes
eff14efc,Restaurant_301,Kolkata,Area_E,Mexican,4.7,2429,Low,No
ab27a46b,Restaurant_302,Bangalore,Area_A,Chinese,4.7,2260,Medium,Yes
da9a321e,Restaurant_303,Delhi,Area_C,Mexican,2.9,1987,Low,Yes
97ba5c47,Restaurant_304,Bangalore,Area_A,Thai,2.9,595,High,Yes
93c01c5b,Restaurant_305,Chennai,Area_A,Italian,3.1,4388,Medium,No
bf2eb8e4,Restaurant_306,Delhi,Area_B,Indian,3.5,3314,Low,Yes
ce8f2030,Restaurant_307,Delhi,Area_C,Italian,3.5,2995,High,Yes
3131321b,Restaurant_308,Delhi,Area_D,Chinese,2.7,792,Medium,Yes
15626d86,Restaurant_309,Delhi,Area_C,Thai,4.3,227,Low,Yes
fcc5c2d6,Restaurant_310,Chennai,Area_B,Italian,3.4,2140,Low,No
42142ee5,Restaurant_311,Mumbai,Area_D,Mexican,3.8,2226,High,Yes
5c6657d1,Restaurant_312,Bangalore,Area_A,Thai,4.8,406,Medium,Yes
e1850efc,Restaurant_313,Kolkata,Area_E,Italian,3.2,3490,Low,Yes
23075295,Restaurant_314,Mumbai,Area_E,Indian,4.8,3976,Medium,No
400ea5d4,Restaurant_315,Mumbai,Area_D,Thai,3.5,3600,High,No
78565057,Restaurant_316,Chennai,Area_E,Thai,3,3550,High,No
2c3d36ef,Restaurant_317,Chennai,Area_A,Indian,3.2,4301,High,Yes
96c583bb,Restaurant_318,Bangalore,Area_A,Thai,3,2572,Medium,Yes
228796c5,Restaurant_319,Delhi,Area_E,Indian,4,3495,Medium,Yes
1ccce844,Restaurant_320,Bangalore,Area_B,Mexican,2.7,856,Medium,Yes
f6741553,Restaurant_321,Mumbai,Area_E,Indian,2.8,4204,Low,Yes
74582012,Restaurant_322,Delhi,Area_A,Mexican,2.5,234,Low,No
3146ef85,Restaurant_323,Chennai,Area_A,Thai,3.9,3727,Medium,No
49d9a0f2,Restaurant_324,Bangalore,Area_E,Chinese,3.3,1907,Low,No
d932d6bf,Restaurant_325,Kolkata,Area_B,Indian,3.2,4164,Medium,Yes
c867f4c3,Restaurant_326,Delhi,Area_D,Chinese,3.1,1320,Low,Yes
aef029e0,Restaurant_327,Delhi,Area_D,Thai,4.8,1226,Medium,No
581e8723,Restaurant_328,Chennai,Area_C,Indian,3.4,659,Medium,No
fd9d762b,Restaurant_329,Delhi,Area_D,Mexican,4.5,2716,Low,No
09316a70,Restaurant_330,Chennai,Area_E,Thai,4.5,1993,Medium,Yes
9409fecd,Restaurant_331,Mumbai,Area_A,Indian,3.1,2234,Medium,Yes
ee9921ae,Restaurant_332,Chennai,Area_C,Indian,3.5,3220,Low,Yes
fc2e99c5,Restaurant_333,Mumbai,Area_E,Thai,2.6,4484,High,No
62dbc4f6,Restaurant_334,Mumbai,Area_A,Italian,3.7,1405,Low,Yes
b37bb876,Restaurant_335,Delhi,Area_C,Thai,4.1,3383,Medium,No
74d2ed66,Restaurant_336,Chennai,Area_E,Mexican,4.8,1100,High,Yes
62249dbf,Restaurant_337,Kolkata,Area_A,Italian,4.5,2651,Medium,Yes
9.18E+07,Restaurant_338,Delhi,Area_B,Thai,3.6,2240,Medium,No
70c91766,Restaurant_339,Kolkata,Area_B,Chinese,4.4,4620,Medium,Yes
8133dda0,Restaurant_340,Chennai,Area_C,Indian,3.4,2034,Medium,Yes
59b862ed,Restaurant_341,Bangalore,Area_B,Mexican,3.6,800,Low,Yes
1935fe99,Restaurant_342,Chennai,Area_C,Indian,2.8,1259,High,No
502053dd,Restaurant_343,Bangalore,Area_B,Thai,4.2,3264,Low,No
44837d80,Restaurant_344,Bangalore,Area_A,Thai,3.7,2852,Medium,No
b96de83c,Restaurant_345,Mumbai,Area_A,Italian,3.1,4744,Low,No
e85b5df7,Restaurant_346,Delhi,Area_C,Chinese,3.1,1913,Medium,Yes
63fa9210,Restaurant_347,Chennai,Area_D,Italian,4.3,1008,Low,Yes
606db467,Restaurant_348,Delhi,Area_C,Indian,2.5,1168,Medium,Yes
58def9e8,Restaurant_349,Mumbai,Area_A,Mexican,2.5,2246,High,Yes
e7e88763,Restaurant_350,Delhi,Area_B,Indian,4.1,3402,Low,Yes
2a7a8abf,Restaurant_351,Mumbai,Area_E,Thai,4.2,2497,High,No
d7b287a8,Restaurant_352,Delhi,Area_B,Indian,2.9,2205,High,Yes
b12c27be,Restaurant_353,Kolkata,Area_E,Thai,4.4,726,Medium,Yes
cb90b2ce,Restaurant_354,Mumbai,Area_E,Indian,4.3,2213,High,Yes
b28ed1b8,Restaurant_355,Kolkata,Area_E,Italian,3.6,909,Medium,Yes
eb6fce5b,Restaurant_356,Kolkata,Area_A,Chinese,3.3,4660,Low,No
026ab181,Restaurant_357,Bangalore,Area_E,Italian,3.6,3178,Low,Yes
cb476aae,Restaurant_358,Delhi,Area_D,Chinese,5,2512,Medium,No
89262461,Restaurant_359,Kolkata,Area_B,Thai,4,4492,Medium,Yes
55c18a95,Restaurant_360,Delhi,Area_E,Indian,2.7,191,High,Yes
c2dd51cf,Restaurant_361,Chennai,Area_D,Chinese,3.3,3385,High,No
df911fc2,Restaurant_362,Bangalore,Area_B,Indian,4.6,2865,Medium,No
032e886d,Restaurant_363,Bangalore,Area_B,Mexican,3.8,369,Medium,Yes
81bc33da,Restaurant_364,Bangalore,Area_B,Indian,3,2512,Medium,No
4757a19b,Restaurant_365,Mumbai,Area_C,Thai,3.2,2688,Medium,No
754bea84,Restaurant_366,Mumbai,Area_E,Indian,3.9,4397,High,No
b8ee95cd,Restaurant_367,Kolkata,Area_A,Thai,2.8,813,Medium,Yes
f6a4fedc,Restaurant_368,Mumbai,Area_C,Thai,2.5,2663,Medium,No
4b0b530b,Restaurant_369,Kolkata,Area_D,Mexican,4.6,935,Low,No
12205eb5,Restaurant_370,Chennai,Area_D,Mexican,2.7,392,High,No
c2e70208,Restaurant_371,Delhi,Area_E,Chinese,4.8,3656,Medium,Yes
49c4ff0d,Restaurant_372,Delhi,Area_D,Italian,2.6,3231,Medium,Yes
89c96872,Restaurant_373,Bangalore,Area_E,Chinese,4.9,3381,High,Yes
122cbcc2,Restaurant_374,Mumbai,Area_E,Thai,4.9,1938,Medium,No
4c130690,Restaurant_375,Mumbai,Area_B,Thai,3,3574,Medium,Yes
f5f0a3d7,Restaurant_376,Chennai,Area_E,Mexican,4.3,842,High,Yes
e2cb1c1a,Restaurant_377,Chennai,Area_C,Italian,3,2437,Low,Yes
f502ff48,Restaurant_378,Bangalore,Area_D,Mexican,3.2,2879,High,No
1c1519d1,Restaurant_379,Bangalore,Area_D,Indian,4,185,High,No
2f64e220,Restaurant_380,Mumbai,Area_A,Chinese,4.7,3190,Low,Yes
19eb698a,Restaurant_381,Chennai,Area_B,Mexican,3.4,427,Low,No
62026a9a,Restaurant_382,Bangalore,Area_B,Thai,3.8,4439,High,No
3cf3f01c,Restaurant_383,Bangalore,Area_E,Italian,3.1,4929,High,Yes
60975764,Restaurant_384,Mumbai,Area_A,Thai,4,4157,Low,Yes
cdc4d7ec,Restaurant_385,Delhi,Area_D,Mexican,5,864,Low,Yes
c16f16e5,Restaurant_386,Mumbai,Area_B,Chinese,4.5,4756,Medium,No
bf914634,Restaurant_387,Bangalore,Area_B,Mexican,3.7,1969,Medium,No
ff28abb5,Restaurant_388,Mumbai,Area_B,Chinese,3.9,4121,Low,Yes
74aea7be,Restaurant_389,Chennai,Area_B,Mexican,4.3,4171,High,No
06bbd4b4,Restaurant_390,Kolkata,Area_D,Italian,2.8,3196,Medium,No
ee6e78d8,Restaurant_391,Delhi,Area_E,Indian,4.4,2207,Medium,Yes
3751ee4c,Restaurant_392,Kolkata,Area_C,Italian,2.6,4828,Low,No
eb85c060,Restaurant_393,Kolkata,Area_C,Thai,4.9,931,Medium,Yes
ea525a43,Restaurant_394,Kolkata,Area_D,Indian,4,3021,Low,No
6a557120,Restaurant_395,Bangalore,Area_A,Indian,3.4,3177,Low,No
57c584c5,Restaurant_396,Delhi,Area_E,Italian,3.7,4133,Medium,No
a70ed7db,Restaurant_397,Kolkata,Area_A,Mexican,3.4,3648,Low,Yes
cf8681ce,Restaurant_398,Bangalore,Area_B,Chinese,4.1,2631,Medium,Yes
bf0d16e8,Restaurant_399,Kolkata,Area_E,Chinese,2.9,3843,High,Yes
1c2e3e38,Restaurant_400,Kolkata,Area_D,Thai,2.8,4990,Medium,Yes
d92b984c,Restaurant_401,Delhi,Area_D,Chinese,4.2,4468,High,No
1969672f,Restaurant_402,Chennai,Area_D,Indian,4.4,2776,Low,Yes
84ed73ad,Restaurant_403,Mumbai,Area_E,Mexican,4.1,2266,High,No
9f137e8a,Restaurant_404,Bangalore,Area_B,Italian,4.2,851,High,Yes
c9204e90,Restaurant_405,Kolkata,Area_B,Mexican,4,1199,Medium,No
8b12bcad,Restaurant_406,Chennai,Area_C,Italian,3.9,4142,Medium,No
e7d6ca00,Restaurant_407,Chennai,Area_E,Indian,4.7,300,High,Yes
59a3bc14,Restaurant_408,Mumbai,Area_A,Indian,4.2,3725,Low,No
5aa4df12,Restaurant_409,Bangalore,Area_C,Mexican,3.1,2782,High,No
afad7eb5,Restaurant_410,Chennai,Area_A,Chinese,4.7,1140,Low,No
fb67202e,Restaurant_411,Bangalore,Area_A,Italian,4.9,3081,Medium,Yes
78805df4,Restaurant_412,Chennai,Area_D,Mexican,3.5,4961,High,No
d0b43dbe,Restaurant_413,Kolkata,Area_C,Italian,4.2,2282,Medium,No
179a3485,Restaurant_414,Mumbai,Area_A,Mexican,2.9,783,Medium,No
e3fef5a1,Restaurant_415,Chennai,Area_C,Thai,3.1,3147,High,Yes
60ebcd14,Restaurant_416,Delhi,Area_B,Indian,2.9,2148,High,No
5aba5a33,Restaurant_417,Mumbai,Area_A,Thai,3.5,2022,High,No
266301b8,Restaurant_418,Chennai,Area_A,Chinese,4.6,2163,High,Yes
818ac424,Restaurant_419,Bangalore,Area_A,Indian,2.9,1960,Low,No
aae64772,Restaurant_420,Chennai,Area_C,Thai,3.6,3999,High,Yes
328df228,Restaurant_421,Delhi,Area_C,Chinese,3.1,612,Low,No
e400d871,Restaurant_422,Bangalore,Area_A,Indian,3.9,304,Medium,Yes
14fc6669,Restaurant_423,Mumbai,Area_D,Indian,3.7,2754,High,Yes
fdf67663,Restaurant_424,Delhi,Area_E,Thai,3.6,3507,Medium,No
4fbd9363,Restaurant_425,Mumbai,Area_A,Italian,3,176,Medium,No
10504ca1,Restaurant_426,Kolkata,Area_B,Mexican,4.4,1400,Low,No
fe75f9a6,Restaurant_427,Bangalore,Area_B,Mexican,3.7,2337,Low,No
003deee0,Restaurant_428,Bangalore,Area_C,Chinese,3.8,3387,Low,Yes
0ae349c2,Restaurant_429,Mumbai,Area_B,Italian,2.9,571,Low,Yes
2c3cc546,Restaurant_430,Mumbai,Area_B,Mexican,3.7,161,High,No
4d9244b9,Restaurant_431,Kolkata,Area_C,Chinese,2.9,4143,Low,Yes
14f8c226,Restaurant_432,Delhi,Area_B,Mexican,4.6,1023,Medium,Yes
3ce70391,Restaurant_433,Delhi,Area_E,Mexican,3.7,4775,Low,Yes
71764226,Restaurant_434,Mumbai,Area_E,Italian,2.9,505,Low,No
dd2f2051,Restaurant_435,Kolkata,Area_D,Chinese,2.7,3935,Low,Yes
83c9c7f5,Restaurant_436,Mumbai,Area_A,Italian,3.5,813,High,Yes
dd498b6e,Restaurant_437,Kolkata,Area_E,Indian,3.6,499,Medium,No
0b69f56b,Restaurant_438,Kolkata,Area_B,Chinese,4.3,2842,Medium,Yes
87ba0b62,Restaurant_439,Mumbai,Area_A,Mexican,2.6,734,Low,No
71098659,Restaurant_440,Bangalore,Area_C,Mexican,4.3,4219,High,No
19b0294a,Restaurant_441,Kolkata,Area_B,Thai,3.2,3875,Medium,No
59e6659c,Restaurant_442,Delhi,Area_C,Indian,4.2,2624,Medium,Yes
c317908c,Restaurant_443,Chennai,Area_D,Mexican,3,2832,Medium,Yes
e8ffd0d6,Restaurant_444,Bangalore,Area_A,Chinese,4.6,4244,Medium,No
0736af8f,Restaurant_445,Kolkata,Area_C,Indian,2.9,2729,High,Yes
03e3a6e7,Restaurant_446,Delhi,Area_C,Indian,3.8,3892,High,Yes
e88daa8a,Restaurant_447,Delhi,Area_B,Thai,3.1,784,Low,No
3de9ffca,Restaurant_448,Delhi,Area_C,Italian,4.2,2774,High,No
9259b0e9,Restaurant_449,Kolkata,Area_C,Thai,4.7,690,High,Yes
5aae47b4,Restaurant_450,Delhi,Area_D,Mexican,3.1,3085,High,No
4fa55034,Restaurant_451,Bangalore,Area_A,Indian,4.9,3947,Medium,No
cfb0cf14,Restaurant_452,Bangalore,Area_C,Indian,3.5,936,High,No
b62af499,Restaurant_453,Mumbai,Area_E,Italian,2.8,902,Low,Yes
f39e5ccb,Restaurant_454,Kolkata,Area_B,Italian,4.3,1750,Low,No
400c131f,Restaurant_455,Mumbai,Area_D,Thai,3.3,820,High,No
cd2a813f,Restaurant_456,Delhi,Area_D,Italian,4,1301,High,Yes
760d1a28,Restaurant_457,Mumbai,Area_E,Indian,4.1,3434,Medium,No
f5e8e8a9,Restaurant_458,Delhi,Area_B,Chinese,3.1,1087,Medium,Yes
a726efd4,Restaurant_459,Bangalore,Area_D,Thai,3.5,859,Low,Yes
3535b075,Restaurant_460,Bangalore,Area_B,Mexican,2.7,2135,High,Yes
0c921430,Restaurant_461,Chennai,Area_B,Mexican,3.3,1912,High,No
f75a4fd0,Restaurant_462,Delhi,Area_E,Thai,3.4,4226,High,Yes
08a1f696,Restaurant_463,Kolkata,Area_E,Chinese,3.9,2772,High,Yes
7626f7ad,Restaurant_464,Mumbai,Area_D,Indian,2.7,3711,Medium,Yes
aa60bbe4,Restaurant_465,Kolkata,Area_C,Thai,3.1,3970,Low,No
3ef529e5,Restaurant_466,Chennai,Area_A,Mexican,3.2,4595,High,Yes
77f59689,Restaurant_467,Delhi,Area_A,Mexican,4.5,2341,Low,No
668d09b6,Restaurant_468,Mumbai,Area_C,Indian,4.7,746,High,Yes
ccb7be4e,Restaurant_469,Kolkata,Area_E,Italian,4.5,3725,Low,Yes
eab30c2f,Restaurant_470,Chennai,Area_C,Indian,4,4628,Low,Yes
5fef57bb,Restaurant_471,Mumbai,Area_A,Italian,2.6,1936,High,No
4d8c2e99,Restaurant_472,Bangalore,Area_B,Chinese,3.8,4525,High,Yes
c5fe740c,Restaurant_473,Bangalore,Area_E,Mexican,3.8,4379,High,No
2555af08,Restaurant_474,Kolkata,Area_C,Mexican,2.8,124,High,No
9e422e29,Restaurant_475,Kolkata,Area_E,Italian,3.3,1198,Low,No
fdff7f61,Restaurant_476,Bangalore,Area_A,Italian,4,1309,Low,No
81c4c182,Restaurant_477,Bangalore,Area_A,Chinese,2.6,4436,Medium,No
81aa2acc,Restaurant_478,Kolkata,Area_B,Chinese,3.8,3740,Medium,Yes
28450860,Restaurant_479,Mumbai,Area_E,Thai,4.1,197,Low,Yes
7dbcbb29,Restaurant_480,Bangalore,Area_B,Mexican,3.8,268,High,No
eb075302,Restaurant_481,Mumbai,Area_E,Italian,4.8,1222,Medium,No
7cd438d2,Restaurant_482,Kolkata,Area_D,Chinese,4.1,3285,High,No
f146994a,Restaurant_483,Kolkata,Area_A,Indian,4.3,4202,Medium,No
6f8a9f60,Restaurant_484,Mumbai,Area_E,Thai,3.2,933,Medium,No
8c077be2,Restaurant_485,Mumbai,Area_D,Chinese,3.2,1999,Low,Yes
440ffda9,Restaurant_486,Chennai,Area_B,Chinese,3.3,4185,Medium,Yes
d56c5b5e,Restaurant_487,Delhi,Area_C,Thai,3.9,1584,High,No
b0b312af,Restaurant_488,Kolkata,Area_C,Thai,2.7,3406,Medium,Yes
bbd3019c,Restaurant_489,Delhi,Area_E,Indian,3.4,3895,Medium,Yes
2ca4738c,Restaurant_490,Bangalore,Area_B,Thai,4,3258,Medium,No
127057ad,Restaurant_491,Mumbai,Area_B,Mexican,3.7,1986,Medium,Yes
220de01b,Restaurant_492,Mumbai,Area_E,Thai,3.3,2402,Low,No
368c8202,Restaurant_493,Chennai,Area_B,Italian,2.6,1957,High,Yes
7975f2ee,Restaurant_494,Kolkata,Area_C,Italian,4.7,2639,High,No
696dae98,Restaurant_495,Bangalore,Area_C,Italian,3.5,4433,Medium,No
427b24bc,Restaurant_496,Delhi,Area_C,Mexican,3.2,804,Medium,Yes
45de4a55,Restaurant_497,Delhi,Area_E,Indian,4.4,3572,Medium,No
5b2f1c9a,Restaurant_498,Kolkata,Area_A,Chinese,4.7,1844,Low,No
6c38f66f,Restaurant_499,Mumbai,Area_B,Italian,2.9,1457,Low,Yes